{
  "dense_ppl": 8.6409,
  "sparsegpt": {
    "0.50": 12.7007,
    "0.30": 9.183080806689851,
    "0.40": 10.237040872474372,
    "0.60": 20.758030239090516,
    "0.70": 71.19630468081844,
    "0.80": 1103.6258816350692
  },
  "obs_cancel_block": {
    "0.50": 11.92,
    "0.30": 9.123177478691632,
    "0.40": 9.968193718336742,
    "0.60": 18.577380486964053,
    "0.70": 67.73142844362309,
    "0.80": 948.460120069219
  }
}