{
  "dense_ppl": 14.17705640013793,
  "sparsegpt": {
    "0.30": 15.01817481556949,
    "0.40": 16.45942682733558,
    "0.50": 20.303775750181426,
    "0.60": 32.42662333051868,
    "0.70": 115.37419052318175,
    "0.80": 2811.0031927270943
  },
  "obs_cancel_block": {
    "0.30": 14.922334771188698,
    "0.40": 16.05977715238031,
    "0.50": 19.018794204360272,
    "0.60": 29.137033567391487,
    "0.70": 112.72635867717209,
    "0.80": 1951.9770698752657
  },
  "wanda": {
    "0.30": 31.64246769174277,
    "0.40": 76.8710233568195,
    "0.50": 584.3142387814863,
    "0.60": 11552.03381172252,
    "0.70": 20592.481511126032,
    "0.80": 75619.83338783386
  },
  "ria": {
    "0.30": 30.71633527528302,
    "0.40": 68.27257907599261,
    "0.50": 498.6648657234782,
    "0.60": 11255.359209597988,
    "0.70": 14723.313003002208,
    "0.80": 26817.11280104876
  },
  "awp": {
    "0.30": 25.55715257016321,
    "0.40": 59.364184232211144,
    "0.50": 527.1714500103863,
    "0.60": 2760.7826679046793,
    "0.70": 5122.559974781599,
    "0.80": 17756.477642598715
  }
}