{
  "dense_ppl": 8.6409,
  "sparsegpt": {
    "0.50": 12.7007,
    "0.30": 9.183080806689851,
    "0.40": 10.237040872474372,
    "0.60": 20.758030239090516,
    "0.70": 71.19630468081844,
    "0.80": 1103.6258816350692
  },
  "obs_cancel_block": {
    "0.50": 11.92,
    "0.30": 9.123177478691632,
    "0.40": 9.968193718336742,
    "0.60": 18.577380486964053,
    "0.70": 67.73142844362309,
    "0.80": 948.460120069219
  },
  "wanda": {
    "0.30": 9.040297299632163,
    "0.40": 9.760078378494635,
    "0.50": 11.426179106781175,
    "0.60": 18.10637253361807,
    "0.70": 82.09575114328433,
    "0.80": 1252.2582268721242
  },
  "ria": {
    "0.30": 8.955137882850654,
    "0.40": 9.535281021188712,
    "0.50": 11.202607215227395,
    "0.60": 18.54023197506518,
    "0.70": 104.14116064786053,
    "0.80": 1609.5220009659472
  },
  "awp": {
    "0.30": 8.922801852300553,
    "0.40": 9.440601815081793,
    "0.50": 10.621022687516993,
    "0.60": 14.69102456374685,
    "0.70": 39.221123095768576,
    "0.80": 230.10210626815112
  }
}