{
  "dense_ppl": 19.520931745961164,
  "sweep": {
    "wanda": {
      "0.3": 34.80969833603448,
      "0.4": 189.61201077848742,
      "0.5": 3545.2159065681294,
      "0.6": 11319.492281757435,
      "0.7": 24670.11951196235
    },
    "cancellation": {
      "0.3": 32.634525734317435,
      "0.4": 84.31951199288541,
      "0.5": 614.8356917416091,
      "0.6": 3506.583035447775,
      "0.7": 9065.122852947317
    },
    "ria": {
      "0.3": 34.69914230761105,
      "0.4": 138.42622288625836,
      "0.5": 2104.9940767120506,
      "0.6": 10313.46762549283,
      "0.7": 11896.99746567278,
      "0.8": 18369.27344365696
    },
    "awp": {
      "0.30": 33.49692743167228,
      "0.40": 64.69269887914109,
      "0.50": 302.22512182271817,
      "0.60": 4370.7377218319325,
      "0.70": 7447.491905430689,
      "0.80": 14960.470753810625
    }
  }
}